532,sites/default/files/images/monocle_datafilters_part.png
157,sites/default/files/images/screen13.png
537,sites/default/files/images/im01_0.png
261,sites/default/files/images/rss3.png
265,sites/default/files/images/cleanweb-install-packages1.png
109,sites/default/files/images/Screenshot-20110208-191134.png
270,sites/default/files/images/fatape-install2.png
110,sites/default/files/images/Screenshot-20110208-191238.png
111,sites/default/files/images/Screenshot-20110208-191253.png
309,sites/default/files/images/azoth_adium.png
314,sites/default/files/images/nsm01.png
318,sites/default/files/images/835321.png
322,sites/default/files/images/dolozhee01.png
112,sites/default/files/images/Screenshot-20110208-191313.png
113,sites/default/files/images/Screenshot-20110208-191325.png
114,sites/default/files/images/Screenshot-20110208-191357.png
115,sites/default/files/images/Screenshot-20110213-203546.png
116,sites/default/files/images/Screenshot-20110213-203605.png
117,sites/default/files/images/Screenshot-20110213-204401.png
118,sites/default/files/images/h_1297694725_f74eea08de.png
119,sites/default/files/images/h_1297700911_84cb6ccc5c.png
184,sites/default/files/images/azoth_console1.png
250,sites/default/files/images/poshuku2.png
262,sites/default/files/images/rss4.png
204,sites/default/files/images/tabs01.png
266,sites/default/files/images/cleanweb-install-packages2.png
269,sites/default/files/images/fatape-install1a.png
239,sites/default/files/images/lackman2.png
185,sites/default/files/images/azoth_pep1.png
263,sites/default/files/images/opensearch1-a.png
319,sites/default/files/images/871525.png
323,sites/default/files/images/dolozhee02.png
324,sites/default/files/images/dolozhee03.png
159,sites/default/files/images/popishu_src1.png
182,sites/default/files/images/adhoc01.png
205,sites/default/files/images/tabslist01.png
211,sites/default/files/images/an01.png
255,sites/default/files/images/bookmarks-addbookmark-a.png
183,sites/default/files/images/adhoc02.png
192,sites/default/files/images/modnok01.png
259,sites/default/files/images/rss1-a.png
212,sites/default/files/images/an1.png
246,sites/default/files/images/icons1.png
156,sites/default/files/images/screen12.png
256,sites/default/files/images/bookmarks-addbookmark-dialog.png
234,sites/default/files/images/00_startup.png
264,sites/default/files/images/opensearch2.png
352,sites/default/files/images/lmp_lyrics_120917.png
237,sites/default/files/images/02_versions.png
238,sites/default/files/images/04_screenshots.png
32,sites/default/files/images/summary1.png
236,sites/default/files/images/01_basic.png
545,sites/default/files/images/im08.png
140,sites/default/files/images/azoth_psto1_0.png
141,sites/default/files/images/azoth_sd_120916.png
407,sites/default/files/images/lmp_background_blurring.png
420,sites/default/files/images/lemon_full.png
168,sites/default/files/images/settings2.png
167,sites/default/files/images/settings1.png
213,sites/default/files/images/an_matchers1.png
34,sites/default/files/images/aggregator_filtering1.png
33,sites/default/files/images/aggregator_merge1.png
550,sites/default/files/images/im13.png
160,sites/default/files/images/popishu_tex1.png
164,sites/default/files/images/azoth_ch1.png
165,sites/default/files/images/azoth_ch2.png
538,sites/default/files/images/im02.png
260,sites/default/files/images/rss2.png
268,sites/default/files/images/cleanweb-manual-filter1.png
325,sites/default/files/images/dolozhee04.png
326,sites/default/files/images/dolozhee05.png
330,sites/default/files/images/xproxy-1.png
332,sites/default/files/images/otlozhu-1.png
374,sites/default/files/images/lmp_recs_120917.png
353,sites/default/files/images/lmp_4.png
408,sites/default/files/images/azoth_autopaste.png
365,sites/default/files/images/vrooby-1.png
370,sites/default/files/images/lmp-up-1.png
371,sites/default/files/images/lmp-up-2.png
60,sites/default/files/images/lackman_120805.png
418,sites/default/files/images/torrent_summary.png
546,sites/default/files/images/im09.png
411,sites/default/files/images/azoth_filetransfer.png
375,sites/default/files/images/lmp_releases_disco.png
422,sites/default/files/images/lmp_bio_disco.png
423,sites/default/files/images/poshuku_xml.png
425,sites/default/files/images/lemon_indicators_focused.png
426,sites/default/files/images/sb2_tpi.png
376,sites/default/files/images/azoth_tooltip_01.png
382,sites/default/files/images/monocle_fb2_01.png
383,sites/default/files/images/monocle_pdf_01.png
387,sites/default/files/images/lmp_uploading.png
388,sites/default/files/images/nsm02.png
539,sites/default/files/images/im03.png
249,sites/default/files/images/azoth_muc_as0_120916.png
421,sites/default/files/images/sb2_launcher.png
424,sites/default/files/images/azoth_datafilters_search.png
391,sites/default/files/images/lmp_events_120918.png
139,sites/default/files/images/azoth_muc_120916.png
194,sites/default/files/images/azoth_muc_as1_120916.png
396,sites/default/files/images/screenshot.png
405,sites/default/files/images/lmp_collection_stats.png
412,sites/default/files/images/mac.png
415,sites/default/files/images/lmp_hypes.png
416,sites/default/files/images/torrenttab1.png
419,sites/default/files/images/sb2_scaled.png
392,sites/default/files/images/lmp_radio_120917.png
162,sites/default/files/images/azoth_psto_120916.png
350,sites/default/files/images/lmp_collection_120916.png
351,sites/default/files/images/lmp_similar_120916.png
195,sites/default/files/images/azoth_muc_as4_120917.png
406,sites/default/files/images/lmp_devsync_transcoding.png
417,sites/default/files/images/torrenttab2.png
427,sites/default/files/images/color_zion.png
428,sites/default/files/images/color_bluesilence.png
547,sites/default/files/images/im10.png
439,sites/default/files/images/blogique.png
446,sites/default/files/images/multimon.png
554,sites/default/files/images/blasq01.png
555,sites/default/files/images/blasq02.png
541,sites/default/files/images/im04.png
542,sites/default/files/images/im05.png
450,sites/default/files/images/monocle_forms.png
449,sites/default/files/images/monocle_thumbs.png
448,sites/default/files/images/monocle_toc_search.png
451,sites/default/files/images/sb2_reordering.png
447,sites/default/files/images/lmp_graffiti01.png
455,sites/default/files/images/launchy_quicklaunch1_ex.png
59,sites/default/files/images/poshuku01.png
468,sites/default/files/images/im01.png
474,sites/default/files/images/lmp00.png
475,sites/default/files/images/lmp01.png
548,sites/default/files/images/im11.png
476,sites/default/files/images/lmp02.png
477,sites/default/files/images/lmp08.png
478,sites/default/files/images/lmp03.png
479,sites/default/files/images/lmp09.png
480,sites/default/files/images/lmp04.png
481,sites/default/files/images/lmp06.png
482,sites/default/files/images/lmp05.png
483,sites/default/files/images/lmp07.png
484,sites/default/files/images/monocle01.png
485,sites/default/files/images/monocle02.png
486,sites/default/files/images/monocle03.png
553,sites/default/files/images/murm01.png
487,sites/default/files/images/monocle04.png
488,sites/default/files/images/nsm01_0.png
543,sites/default/files/images/im06.png
489,sites/default/files/images/launch01.png
490,sites/default/files/images/vrooby01_th.png
491,sites/default/files/images/fenet01.png
494,sites/default/files/images/kbswitch01.png
495,sites/default/files/images/kbswitch02.png
498,sites/default/files/images/sb201.png
58,sites/default/files/images/summary01.png
499,sites/default/files/images/sb202.png
544,sites/default/files/images/im07.png
549,sites/default/files/images/im12.png
501,sites/default/files/images/blogique01.png
502,sites/default/files/images/liznoo01.png
512,sites/default/files/images/lmpgraffiti01.png
500,sites/default/files/images/lcdesktop01.png
514,sites/default/files/images/lackman01.png
35,sites/default/files/images/anhero01.png
561,sites/default/files/images/azoth1_0.png
562,sites/default/files/images/monocle1.png
563,sites/default/files/images/aggregator_wa1.png
564,sites/default/files/images/certmgr1.png
565,sites/default/files/images/cpuload1.png
566,sites/default/files/images/lhtr_up1.png
567,sites/default/files/images/lhtr_up2.png
568,sites/default/files/images/lhtr_up3.png
569,sites/default/files/images/lhtr_up4.png
570,sites/default/files/images/azoth2.png
586,sites/default/files/images/eleeminator1.png
587,sites/default/files/images/eleeminator2.png
590,sites/default/files/images/lmp_brainslugz1.png
593,sites/default/files/images/lmp_fradj1.png
596,sites/default/files/images/lmp_httstream1.png
599,sites/default/files/images/poshuku_speeddial1.png
602,sites/default/files/images/poshuku_certs1.png
603,sites/default/files/images/poshuku_certs2.png
604,sites/default/files/images/otlozhu_hier1.png
605,sites/default/files/images/azoth_otroid_auth1.png
606,sites/default/files/images/azoth_otroid_priv1.png
607,sites/default/files/images/azoth_otroid_priv2.png
608,sites/default/files/images/azoth_tooltip1_cut.png
609,sites/default/files/images/azoth_ch1_0.png
610,sites/default/files/images/lmp_rules1.png
611,sites/default/files/images/lmp_rules2.png
612,sites/default/files/images/lmp_rules4.png
613,sites/default/files/images/poshuku_dcac1.png
620,sites/default/files/images/dolle1_done.png
