97,kinotify
97,development
337,0.6.x
183,azoth
180,digest
337,digest
27,plugins
97,plugins
27,poshuku
136,digest
394,0.6.x
63,development
186,release
186,0.5.x
66,development
66,poshuku
67,development
67,poshuku
68,development
68,aggregator
394,digest
402,digest
71,seekthru
71,development
98,development
98,kinotify
98,plugins
98,themes
276,release
276,0.5.x
300,release
104,azoth
69,aggregator
69,development
69,entity handlers
73,development
73,new life
104,development
104,plugins
244,digest
72,development
72,entity handlers
72,seekthru
74,development
74,new life
74,tutorial
75,bittorrent
75,plugins
75,development
76,development
76,bittorrent
76,entity handlers
77,development
77,plugins
77,cstp
78,entity handlers
78,cstp
78,development
300,0.5.x
301,release
120,development
121,development
301,0.5.x
277,release
277,0.5.x
187,release
187,0.5.x
103,azoth
103,development
103,plugins
83,changelog
80,development
80,reference
156,gmailnotifier
88,release
308,0.5.x
93,release
94,release
89,release
84,changelog
84,0.4
85,changelog
85,0.4
86,changelog
86,0.4
87,changelog
87,0.4
90,changelog
90,0.4
91,changelog
91,0.4
92,changelog
92,0.4
402,0.6.x
95,0.5
95,changelog
157,kinotify
105,development
96,0.5
96,changelog
157,azoth
101,azoth
101,development
308,release
81,development
81,tutorial
102,azoth
102,development
102,plugins
191,azoth
309,azoth
107,development
99,development
191,plugins
193,plugins
193,azoth
129,development
129,howto
129,plugins
130,digest
131,digest
198,aggregator
198,plugins
132,digest
133,digest
200,aggregator
200,development
200,tutorial
137,digest
202,digest
148,distro
149,distro
146,digest
150,digest
315,azoth
315,plugins
316,plugins
318,liznoo
181,digest
166,digest
169,digest
182,azoth
247,plugins
407,lmp
321,0.6.x
321,release
521,general
431,plugins
431,touchstreams
322,dolozhee
324,dolozhee
326,dolozhee
29,plugins
407,plugins
536,scroblibre
538,azoth
538,user guide
542,azoth
459,azoth
161,azoth
161,plugins
172,azoth
172,plugins
54,plugins
54,summary
174,gmailnotifier
174,plugins
154,gmailnotifier
154,plugins
175,kinotify
175,plugins
155,kinotify
155,plugins
211,advanced notifications
341,0.6.x
29,poshuku
306,plugins
306,poshuku
79,development
395,0.6.x
507,0.6.x
507,release
504,0.6.x
106,azoth
177,digest
178,digest
106,development
106,plugins
106,themes
192,azoth
215,plugins
124,release
124,0.5.x
395,digest
401,0.6.x
215,azoth
214,azoth
214,plugins
207,release
207,0.5.x
199,aggregator
199,plugins
289,release
201,digest
289,0.5.x
303,release
217,digest
126,development
126,plugins
218,digest
205,tabslist
206,digest
203,digest
303,0.5.x
246,poshuku
245,digest
293,release
293,0.5.x
248,plugins
220,gentoo
226,release
226,0.5.x
32,aggregator
401,digest
404,0.6.x
404,digest
408,azoth
408,plugins
140,azoth
219,gentoo
411,plugins
411,azoth
447,lmp
447,plugins
142,release
222,digest
221,digest
213,advanced notifications
34,aggregator
224,digest
223,digest
341,digest
342,0.6.x
33,aggregator
160,popishu
164,azoth
179,development
342,release
343,0.6.x
343,release
165,azoth
142,0.5.x
227,digest
229,digest
230,digest
232,plugins
232,development
232,lackman
197,azoth
197,plugins
239,lackman
159,popishu
212,advanced notifications
413,0.6.x
413,release
184,azoth
234,lackman
237,lackman
238,lackman
250,poshuku
250,azoth
185,azoth
235,development
235,lackman
236,lackman
233,development
233,lackman
240,digest
241,digest
242,digest
243,digest
252,user guide
252,poshuku
253,poshuku
253,user guide
255,poshuku
255,user guide
256,poshuku
256,user guide
418,bittorrent
254,poshuku
254,user guide
251,user guide
257,user guide
257,aggregator
28,plugins
28,poshuku
259,user guide
259,poshuku
456,0.6.x
456,release
260,poshuku
260,user guide
305,plugins
305,poshuku
261,poshuku
261,user guide
262,poshuku
262,user guide
263,poshuku
263,seekthru
263,user guide
264,poshuku
264,user guide
138,release
138,0.5.x
225,release
225,0.5.x
258,poshuku
258,user guide
265,user guide
265,lackman
265,poshuku
266,poshuku
266,user guide
292,release
292,0.5.x
268,poshuku
268,user guide
267,poshuku
267,user guide
269,user guide
269,poshuku
270,poshuku
270,user guide
304,release
304,0.5.x
271,poshuku
271,user guide
272,digest
273,digest
274,digest
275,digest
290,release
228,digest
290,0.5.x
208,release
208,0.5.x
280,poshuku
125,release
125,0.5.x
281,plugins
281,summary
282,anhero
282,plugins
287,user guide
504,release
307,0.5.x
340,0.6.x
340,digest
307,release
338,0.6.x
338,digest
311,tabsessmanager
311,plugins
314,netstoremanager
294,azoth
294,zheet
399,hotstreams
399,plugins
319,liznoo
296,azoth
296,vader
297,azoth
297,zheet
295,azoth
295,vader
299,aggregator
298,aggregator
346,0.6.x
346,digest
347,0.6.x
347,digest
349,digest
349,0.6.x
348,0.6.x
348,digest
312,0.6.x
312,release
455,plugins
323,dolozhee
325,dolozhee
327,0.6.x
327,digest
328,0.6.x
328,digest
403,0.6.x
403,digest
405,plugins
405,lmp
330,xproxy
353,lmp
329,plugins
329,xproxy
331,plugins
331,xproxy
332,plugins
354,0.6.x
354,release
333,otlozhu
333,plugins
355,0.6.x
355,release
334,otlozhu
334,plugins
356,azoth
356,user guide
358,azoth
358,user guide
357,azoth
357,user guide
360,azoth
360,user guide
344,lastfmscrobble
344,plugins
345,lastfmscrobble
345,plugins
409,plugins
361,0.6.x
361,digest
362,0.6.x
362,digest
363,digest
363,0.6.x
364,digest
364,0.6.x
365,vrooby
520,general
524,devmon
369,0.6.x
369,digest
368,0.6.x
368,digest
409,azoth
528,concepts
526,imgaste
414,0.6.x
414,release
416,bittorrent
418,summary
539,azoth
455,launchy
370,lmp
371,lmp
372,0.6.x
372,release
373,0.6.x
373,release
514,lackman
514,0.6.x
60,lackman
406,plugins
406,lmp
410,plugins
410,azoth
514,0.6.60
59,poshuku
153,lackman
457,0.6.x
417,bittorrent
419,sb2
420,lemon
457,release
153,plugins
64,development
376,azoth
421,sb2
375,lmp
375,plugins
460,azoth
377,0.6.x
377,digest
378,digest
378,0.6.x
379,development
422,lmp
460,user guide
380,development
382,monocle
383,plugins
383,monocle
423,poshuku
424,azoth
463,release
463,0.6.x
425,sb2
425,lemon
426,sb2
464,0.6.x
464,release
466,0.6.x
466,release
385,0.6.x
385,digest
467,0.6.x
387,plugins
387,lmp
388,plugins
388,netstoremanager
467,release
470,general
386,0.6.x
386,digest
389,0.6.x
389,release
390,0.6.x
390,release
61,development
474,lmp
430,musiczombie
430,plugins
429,musiczombie
429,plugins
474,0.6.x
474,0.6.60
475,lmp
475,0.6.x
475,0.6.60
477,lmp
516,general
517,general
437,plugins
437,lemon
477,0.6.x
477,0.6.60
438,lemon
438,plugins
479,lmp
162,azoth
350,lmp
351,lmp
352,lmp
439,blogique
391,lmp
391,plugins
392,lmp
392,plugins
374,lmp
139,azoth
196,azoth
196,plugins
249,azoth
194,azoth
195,azoth
141,azoth
396,plugins
396,launchy
441,0.6.x
441,release
440,0.6.x
440,release
400,hotstreams
400,plugins
443,development
128,development
128,howto
128,plugins
209,development
209,howto
209,plugins
445,news
444,news
173,lackman
173,plugins
450,monocle
450,plugins
449,monocle
449,plugins
448,monocle
448,plugins
451,plugins
451,sb2
452,0.6.x
452,release
462,0.6.x
462,release
145,azoth
145,plugins
170,azoth
170,plugins
465,0.6.x
465,release
453,azoth
453,plugins
518,general
454,azoth
454,plugins
525,devmon
471,general
100,development
100,howto
100,plugins
459,user guide
543,azoth
545,azoth
476,lmp
476,0.6.x
476,0.6.60
478,lmp
478,0.6.x
478,0.6.60
479,0.6.x
479,0.6.60
480,lmp
480,0.6.x
480,0.6.60
481,lmp
481,0.6.x
481,0.6.60
546,azoth
482,lmp
482,0.6.x
482,0.6.60
483,lmp
483,0.6.x
483,0.6.60
484,monocle
484,0.6.x
484,0.6.60
485,monocle
485,0.6.x
485,0.6.60
486,monocle
486,0.6.x
486,0.6.60
487,monocle
487,0.6.x
487,0.6.60
548,azoth
488,netstoremanager
488,0.6.x
488,0.6.60
489,launchy
489,0.6.x
489,0.6.60
490,vrooby
490,0.6.x
490,0.6.60
366,plugins
366,vrooby
367,plugins
367,vrooby
491,fenet
491,0.6.60
492,fenet
492,plugins
494,kbswitch
494,0.6.60
495,kbswitch
495,0.6.60
496,kbswitch
496,plugins
497,plugins
497,kbswitch
498,sb2
498,0.6.60
498,0.6.x
58,aggregator
58,summary
25,plugins
25,summary
7,aggregator
7,plugins
37,aggregator
37,plugins
499,sb2
499,tpi
499,0.6.x
499,0.6.60
435,plugins
435,tpi
436,plugins
436,tpi
434,plugins
434,sb2
501,blogique
501,0.6.x
501,0.6.60
502,liznoo
502,0.6.x
502,0.6.60
506,windows
505,windows
508,krigstask
508,plugins
509,krigstask
509,plugins
510,plugins
510,mellonetray
511,plugins
511,mellonetray
16,plugins
433,plugins
433,sb2
512,lmp
512,graffiti
512,0.6.x
512,0.6.60
519,general
432,plugins
432,touchstreams
513,desktop mode
527,imgaste
530,concepts
532,monocle
532,concepts
533,laughty
535,scroblibre
537,azoth
537,user guide
541,azoth
544,azoth
547,azoth
549,azoth
550,azoth
540,azoth
540,user guide
552,azoth
552,user guide
529,concepts
531,concepts
553,azoth
554,blasq
555,blasq
335,dolozhee
335,plugins
336,dolozhee
336,plugins
35,anhero
210,advanced notifications
210,plugins
216,advanced notifications
216,plugins
8,anhero
8,plugins
38,anhero
38,plugins
503,blogique
397,launchy
397,plugins
398,launchy
398,plugins
310,liznoo
310,plugins
320,liznoo
320,plugins
557,0.7.x
557,release
556,blogique
558,0.7.x
558,release
559,plugins
560,plugins
158,plugins
158,popishu
176,plugins
176,popishu
381,monocle
381,plugins
384,monocle
384,plugins
523,blasq
522,blasq
472,azoth
473,azoth
561,azoth
562,monocle
563,aggregator
564,certmgr
565,cpuload
566,lhtr
567,lhtr
567,blasq
568,lhtr
570,azoth
571,aggregator
573,certmgr
574,certmgr
577,rosenthal
20,lmp
20,plugins
46,lmp
46,plugins
578,concepts
580,concepts
579,lhtr
581,lhtr
582,cpu load
585,0.7.x
585,release
584,0.7.x
584,release
583,cpu load
572,aggregator
127,development
586,eleeminator
587,eleeminator
589,eleeminator
589,plugins
588,eleeminator
588,plugins
313,netstoremanager
313,plugins
590,lmp
591,lmp
591,plugins
591,lmp brainslugz
592,lmp
592,plugins
592,lmp brainslugz
593,lmp
594,lmp
594,plugins
594,lmp fradj
595,lmp
595,plugins
595,lmp fradj
596,lmp
596,lmp httstream
597,lmp
597,lmp httstream
597,plugins
598,lmp
598,plugins
598,lmp httstream
599,poshuku
599,poshuku speeddial
600,plugins
600,poshuku
600,poshuku speeddial
70,development
601,plugins
601,poshuku
601,poshuku speeddial
602,poshuku
603,poshuku
604,otlozhu
605,azoth
606,azoth otroid
607,azoth otroid
608,azoth
609,azoth chathistory
163,azoth
163,plugins
171,azoth
171,plugins
610,lmp
611,lmp
611,advanced notifications
612,lmp
613,poshuku dcac
26,plugins
26,poshuku
48,poshuku
616,azoth otroid
617,azoth otroid
152,azoth
614,poshuku dcac
615,poshuku dcac
515,development
515,howto
143,azoth
143,plugins
6,plugins
618,azoth
618,mucommands
619,azoth; mucommands
620,advanced notifications
622,0.7.x
622,release
621,0.7.x
621,release
144,azoth
144,xoox
151,azoth
151,xoox
